Sport Centre Code: 66-666-99, Nature of Incident: Terrorism
Sport Centre Code: 66-666-99, Nature of Incident: Staff Abuse
Sport Centre Code: 66-676-99, Nature of Incident: Raid
Sport Centre Code: 66-676-99, Nature of Incident: Raid
Sport Centre Code: 66-676-99, Nature of Incident: Raid
Sport Centre Code: 66-676-99, Nature of Incident: Raid
Sport Centre Code: 66-676-99, Nature of Incident: Raid
Sport Centre Code: 66-676-99, Nature of Incident: Raid
Sport Centre Code: 66-676-99, Nature of Incident: Raid
Sport Centre Code: 66-666-66, Nature of Incident: Terrorism
Sport Centre Code: 66-666-66, Nature of Incident: Terrorism
Sport Centre Code: 66-666-66, Nature of Incident: Terrorism
